<?xml version="1.0" encoding="UTF-8"?>
<cast>
  <per>
    <name>Saotome Ranma</name>
    <age>16</age>
    <curse>Spring of Drowned Girl</curse>
  </per>
  <per>
    <name>Saotome Genma</name>
    <age>40</age>
    <curse>Spring of Drowned Panda</curse>
  </per>
  <per>
    <name>Hibiki Ryoga</name>
    <age>16</age>
    <curse>Spring of Drowned Piglet</curse>
  </per>
  <per>
    <name>Shampoo of the Joketsuzoku</name>
    <age>20</age>
    <curse>Spring of Drowned Cat</curse>
  </per>
  <per>
    <name>Pantyhose Taro</name>
    <age>18</age>
    <curse>Spring of Drowned Oni</curse>
  </per>
  <per>
    <name>Mousse</name>
    <age>20</age>
    <curse>Spring of Drowned Duck</curse>
  </per>
  <per>
    <name>Prince Herb</name>
    <age>unknown, ancient</age>
    <curse>Spring of Drowned Girl</curse>
  </per>
</cast>
